{
    "name": "Home Equity Loan XGBoost",
    "description": "XGBoost Model : BAD = JOB + REASON + CLAGE + CLNO + DEBTINC + DELINQ + DEROG + NINQ + YOJ",
    "function": "classification",
    "scoreCodeType": "python",
    "trainTable": " ",
    "trainCodeType": "Python",
    "algorithm": "Gradient boosting",
    "targetVariable": "BAD",
    "targetEvent": "1",
    "targetLevel": "BINARY",
    "eventProbVar": "EM_EVENTPROBABILITY",
    "modeler": "sasdemo",
    "tool": "Python 3",
    "toolVersion": "3.7.6"
}