[
    {
        "name": "JOB",
        "length": 7,
        "type": "string",
        "level": "nominal"
    },
    {
        "name": "REASON",
        "length": 7,
        "type": "string",
        "level": "nominal"
    },
    {
        "name": "CLAGE",
        "length": 8,
        "type": "decimal",
        "level": "interval"
    },
    {
        "name": "CLNO",
        "length": 8,
        "type": "decimal",
        "level": "interval"
    },
    {
        "name": "DEBTINC",
        "length": 8,
        "type": "decimal",
        "level": "interval"
    },
    {
        "name": "DELINQ",
        "length": 8,
        "type": "decimal",
        "level": "interval"
    },
    {
        "name": "DEROG",
        "length": 8,
        "type": "decimal",
        "level": "interval"
    },
    {
        "name": "NINQ",
        "length": 8,
        "type": "decimal",
        "level": "interval"
    }
]